epoch,loss,test_acc
1,1.2188320954640706,48.986539984164686
2,1.1927385330200195,49.73871733966746
3,1.1371583541234334,50.21377672209026
4,1.0750240882237752,50.863024544734756
5,1.0332430005073547,51.433095803642125
6,0.9575822949409485,52.05859065716548
7,0.914632260799408,52.79493269992082
8,0.8733966946601868,53.808392715756135
9,0.8207119703292847,54.75059382422803
10,0.7570587396621704,55.399841646872524
