,width,height
count,2000.0,2000.0
mean,50.8075,50.3105
std,23.260136730689375,22.217535848954984
min,25.0,25.0
25%,35.0,35.0
50%,44.0,43.0
75%,59.0,58.0
max,224.0,201.0
