epoch,loss,test_acc
1,1.0269027948379517,58.00475059382423
2,0.9507610003153483,58.93111638954869
3,0.8489279548327128,59.857482185273156
4,0.7562878231207529,60.89469517022961
5,0.6740788122018179,61.92399049881235
6,0.5957402537266413,63.222486144101346
7,0.49433750410874683,64.54473475851148
8,0.4242992748816808,65.84323040380048
9,0.371086061000824,66.75376088677751
10,0.3381001651287079,67.77513855898654
